,geometry.location.lat,geometry.location.lng,geometry.viewport.northeast.lat,geometry.viewport.northeast.lng,geometry.viewport.southwest.lat,geometry.viewport.southwest.lng,business_status,name,place_id,plus_code.compound_code,plus_code.global_code,vicinity
1,1.330022,103.799,1.33141,103.800363,1.328712,103.797665,OPERATIONAL,ESSO BUKIT TIMAH,ChIJvzBVv6EQ2jERVBl_kYx-pEI,8QJX+2H Singapore,6PH58QJX+2H,751 Bukit Timah Road
2,1.330933,103.799107,1.332188,103.800362,1.32949,103.797664,OPERATIONAL,Shell,ChIJPxkQ5aEQ2jERdkapcj4Gj_Q,8QJX+9J Singapore,6PH58QJX+9J,648 Dunearn Road
3,1.328216,103.813702,1.329564,103.815063,1.326866,103.812365,OPERATIONAL,SPC Adam,ChIJp7obuqkQ2jERTkEJMsRMvv4,8RH7+7F Singapore,6PH58RH7+7F,31 Adam Road
4,1.328205,103.813716,1.329481,103.815124,1.326783,103.812426,OPERATIONAL,SPC Petrol Station,ChIJrfPWuqkQ2jERsnCsAcfFXi8,8RH7+7F Singapore,6PH58RH7+7F,31 Adam Road
5,1.338605,103.776915,1.339911,103.778419,1.337213,103.775721,OPERATIONAL,Shell,ChIJm7_KSogQ2jERVnPt5NL5SJ8,8QQG+CQ Singapore,6PH58QQG+CQ,35 Upper Bukit Timah Road
6,1.339955,103.774777,1.341354,103.776201,1.338656,103.773503,OPERATIONAL,ESSO JURONG KECHIL,ChIJsfnoDGIQ2jERXxSrunIYCEA,8QQF+XW Singapore,6PH58QQF+XW,37 Jalan Jurong Kechil
7,1.331029,103.798668,1.332291,103.799987,1.329593,103.797289,OPERATIONAL,ESSO DUNEARN,ChIJv9FC_KEQ2jERpiV50sDEnos,8QJX+CF Singapore,6PH58QJX+CF,650 Dunearn Road
8,1.33522,103.7868,1.33651,103.788037,1.333812,103.785339,OPERATIONAL,Caltex Binjai Park,ChIJWU0lS4UQ2jERmHbJY9537aY,8QPP+3P Singapore,6PH58QPP+3P,836 Dunearn Road
9,1.330872,103.799066,1.332228,103.800418,1.32953,103.79772,CLOSED_TEMPORARILY,Blu-Bonetz,ChIJu1Y25aEQ2jERuRvGZvFU2pI,8QJX+8J Singapore,6PH58QJX+8J,No. 648 Dunearn Road
10,1.33865,103.776898,1.340012,103.778157,1.337315,103.775459,OPERATIONAL,Richmotor Auto Services,ChIJGSzYyssZ2jERogYtRBsnJ2M,8QQG+FQ Singapore,6PH58QQG+FQ,35 Upper Bukit Timah Road
11,1.328197,103.81372,1.329545,103.815061,1.326847,103.812363,OPERATIONAL,SINGAPORE PETROLEUM COMPANY LIMITED,ChIJvQscuqkQ2jERYwVaRBKkIfU,8RH7+7F Singapore,6PH58RH7+7F,31 Adam Road
12,1.345867,103.772154,1.34731,103.773649,1.344612,103.770951,OPERATIONAL,Shell,ChIJ7Yu8K14Q2jERC-7fDI6Eums,8QWC+8V Singapore,6PH58QWC+8V,219 Upper Bukit Timah Road
13,1.324801,103.80863,1.326301,103.810082,1.323603,103.807384,OPERATIONAL,Sinopec Bukit Timah,ChIJ3ek_uDgb2jERH_bUmFEJ6uQ,8RF5+WF Singapore,6PH58RF5+WF,623A Bukit Timah Road
14,1.345125,103.773392,1.346532,103.774779,1.343834,103.772081,OPERATIONAL,ESSO UPPER BUKIT TIMAH A,ChIJA7vwcmAQ2jERRoDtYCn5Wd0,8QWF+29 Singapore,6PH58QWF+29,"SG, Upper Bukit Timah Road, 213"
15,1.357934,103.828421,1.359306,103.829803,1.356608,103.827105,OPERATIONAL,ESSO WINDSOR,ChIJ9_Z6DLcX2jERVV8KFEIuxrY,9R5H+59 Singapore,6PH59R5H+59,353 Upper Thomson Road
16,1.383392,103.772742,1.384744,103.774153,1.382046,103.771455,OPERATIONAL,SPC Bukit Panjang,ChIJu04aKqcR2jERG24-RCTWj_I,9QMF+93 Singapore,6PH59QMF+93,41 Bukit Panjang Ring Road
17,1.370025,103.82819,1.371362,103.829662,1.368664,103.826964,OPERATIONAL,Shell,ChIJW-omaNEW2jER6CbhZ1T0ThE,9RCH+27 Singapore,6PH59RCH+27,551 Upper Thomson Road
18,1.370891,103.828278,1.372149,103.82974,1.369451,103.827042,OPERATIONAL,Caltex Upper Thomson,ChIJXZVqd9EW2jERZRfFbIlHsYQ,9RCH+98 Singapore,6PH59RCH+98,555 Upper Thomson Road
19,1.399887,103.81779,1.401261,103.818968,1.398563,103.81627,OPERATIONAL,Shell,ChIJkbwYulUR2jERRq61ZwWtOnk,9RX9+X4 Singapore,6PH59RX9+X4,1200 Upper Thomson Road
20,1.403494,103.818453,1.404851,103.819783,1.402153,103.817085,OPERATIONAL,Caltex Sembawang,ChIJz_BzUv4T2jERGmWljw3fXjc,CR39+99 Singapore,6PH5CR39+99,62 Sembawang Road
21,1.370454,103.828198,1.37179,103.829687,1.369092,103.826989,OPERATIONAL,ESSO LOWER PEIRCE,ChIJO91b92wX2jERHOxhPNbJ5EA,9RCH+57 Singapore,6PH59RCH+57,553 Upper Thomson Road
22,1.373095,103.829008,1.374434,103.830168,1.371736,103.82747,OPERATIONAL,ESSO UPPER THOMSON,ChIJCxV23dEW2jERSajk_GkaFmY,9RFH+6J Singapore,6PH59RFH+6J,594 Upper Thomson Road
23,1.371972,103.828816,1.373327,103.830166,1.370629,103.827468,OPERATIONAL,SINGAPORE PETROLEUM COMPANY LIMITED,ChIJWRwXltEW2jERG3YnlxPaMbM,9RCH+QG Singapore,6PH59RCH+QG,"1 Jalan Leban, Singapore"
24,1.371833,103.828895,1.373222,103.830305,1.370524,103.827607,OPERATIONAL,SPC Jalan Leban,ChIJ72ttvdEW2jERnQhG1TY6Jp8,9RCH+PH Singapore,6PH59RCH+PH,1 Jalan Leban
25,1.432837,103.79872,1.434278,103.800071,1.43158,103.797373,OPERATIONAL,Sinopec Woodlands,ChIJMU-EqmwT2jERJs10S0S0fpM,CQMX+4F Singapore,6PH5CQMX+4F,150 Woodlands Avenue 5
26,1.431068,103.784543,1.432421,103.785892,1.429723,103.783194,OPERATIONAL,ESSO WOODLANDS AVE 1,ChIJ1VjDzK8T2jEREfwTnFUejKo,CQJM+CR Singapore,6PH5CQJM+CR,50 Woodlands Avenue 1
27,1.457612,103.811168,1.459189,103.812388,1.456491,103.80969,OPERATIONAL,Huat Lee Auto & Tyre Service Pte Ltd ( North HQ ),ChIJTf_A6-EX2jERuBrnwcO80hk,FR56+2F Singapore,6PH5FR56+2F,"71 Woodlands Avenue 10, #01-10/11 Woodlands Industrial Xchange"
28,1.440226,103.824555,1.441588,103.825937,1.43889,103.823239,OPERATIONAL,ESSO SEMBAWANG A,ChIJcwSGioAU2jERgbP5qccc6ag,CRRF+3R Singapore,6PH5CRRF+3R,593 Sembawang Road
29,1.440551,103.824405,1.441843,103.825901,1.439145,103.823203,OPERATIONAL,Shell,ChIJ19sxX4AU2jERemI8JPopNPw,CRRF+6Q Singapore,6PH5CRRF+6Q,595 Sembawang Road
30,1.438333,103.775418,1.439746,103.776764,1.437049,103.774066,OPERATIONAL,Shell,ChIJg6WEyqoT2jERvtMaKdJ6Fas,CQQG+85 Singapore,6PH5CQQG+85,10 Marsiling Road
31,1.444311,103.790079,1.445853,103.791372,1.443155,103.788674,OPERATIONAL,Shell,ChIJcQPOLQkT2jEROtZ7GUmeS2U,CQVR+P2 Singapore,6PH5CQVR+P2,20 Woodlands Avenue 9
32,1.444365,103.790104,1.445836,103.79132,1.443138,103.788622,OPERATIONAL,Coco Enterprise,ChIJbcUK1A4T2jERKMxRfRj2RH0,CQVR+P2 Singapore,6PH5CQVR+P2,"20 Woodlands Avenue 9, Singapore"
33,1.444461,103.790012,1.4459,103.791298,1.443202,103.7886,OPERATIONAL,UOB ATM,ChIJSxWf1g4T2jERER8OqwO_O6g,CQVR+Q2 Singapore,6PH5CQVR+Q2,"20 Woodlands Avenue 9, Shell"
34,1.45296,103.79661,1.454532,103.797848,1.451834,103.79515,OPERATIONAL,公司加油,ChIJ5_vP0q8T2jERkNhq2hM3ecQ,FQ3W+5J Singapore,6PH5FQ3W+5J,"108 Woodlands Industrial Park E3, Singapore"
35,1.454353,103.798801,1.455782,103.800115,1.453084,103.797417,OPERATIONAL,Trans Leasing Petrol Kiosk,ChIJMaWtTn0T2jERbL12UmOl1BI,FQ3X+PG Singapore,6PH5FQ3X+PG,"4 Woodlands Industrial Park E3, Singapore"
36,1.455124,103.800404,1.456473,103.801753,1.453775,103.799055,OPERATIONAL,Transcab Kiosk,ChIJH0cxJTkT2jERdMP6YCE0JiM,FR42+25 Singapore,6PH5FR42+25,"4 Woodlands Industrial Park E3, Singapore"
37,1.458388,103.799017,1.459649,103.800262,1.456952,103.797564,OPERATIONAL,24 Senoko Diesel Kiosk,ChIJ0cj9qWoT2jERFet9FwC0jZo,FQ5X+9J Singapore,6PH5FQ5X+9J,"24 Senoko Loop, Singapore"
38,1.457612,103.811168,1.459189,103.812388,1.456491,103.80969,OPERATIONAL,TriSonic Authorised Car Servicing Workshop( Woodlands ),ChIJ7-NzIacT2jERqa-ppfwobV8,FR56+2F Singapore,6PH5FR56+2F,"71 Woodlands Avenue 10, #01-10/11 Woodlands Industrial Xchange"
39,1.44251,103.776256,1.443994,103.777571,1.441296,103.774873,OPERATIONAL,SPC Admiralty,ChIJATmLxQET2jERtdHyX70250Y,CQVG+2G Singapore,6PH5CQVG+2G,"250 Admiralty Road, Singapore"
40,1.440676,103.82439,1.442023,103.825763,1.439325,103.823065,OPERATIONAL,3CO Visions Enterprise,ChIJ19sxX4AU2jERpWgSr8cyQ3A,CRRF+7Q Singapore,6PH5CRRF+7Q,595 Sembawang Road
41,1.43837,103.775374,1.439764,103.776724,1.437066,103.774026,OPERATIONAL,Coco Enterprise,ChIJO3hhtaoT2jER6GLmQEpdwVE,CQQG+84 Singapore,6PH5CQQG+84,10 Marsiling Road
42,1.440441,103.825098,1.44179,103.826447,1.439092,103.823749,OPERATIONAL,ESSO SEMBAWANG B,ChIJZUSV2hkV2jER1uvBjWdgVqY,CRRG+52 Singapore,6PH5CRRG+52,590 Sembawang Road
43,1.440098,103.825224,1.441428,103.82653,1.43873,103.823832,OPERATIONAL,SPC Sembawang,ChIJjbp3jYAU2jER_yGT8eOcvvo,CRRG+23 Singapore,6PH5CRRG+23,"588 Sembawang Road, Singapore"
44,1.305623,103.795249,1.306973,103.796562,1.304275,103.793864,OPERATIONAL,SPC Commonwealth,ChIJE7VmB0Ea2jER39K1lzfZH3M,8Q4W+63 Singapore,6PH58Q4W+63,490 Commonwealth Avenue
45,1.323371,103.817394,1.324643,103.818732,1.321945,103.816034,OPERATIONAL,Shell,ChIJj416FQEa2jERhbnyeL1xTaE,8RF8+8X Singapore,6PH58RF8+8X,314 Dunearn Road
46,1.297488,103.803376,1.298822,103.804832,1.296124,103.802135,OPERATIONAL,Shell,ChIJa4hZRzca2jERkmkJUlUjCMk,7RW3+X9 Singapore,6PH57RW3+X9,355 Commonwealth Avenue
47,1.294828,103.816389,1.296183,103.817697,1.293485,103.814999,OPERATIONAL,ESSO TANGLIN,ChIJpQIwSSka2jERHjwzDNwc8I0,7RV8+WH Singapore,6PH57RV8+WH,353 Tanglin Road
48,1.323041,103.819371,1.32429,103.820692,1.321592,103.817994,OPERATIONAL,SPC Dunearn,ChIJDZ6HmAEa2jERA8MmIDKOYbE,8RF9+6P Singapore,6PH58RF9+6P,"260 Dunearn Road, Singapore"
49,1.306919,103.802508,1.308402,103.803773,1.305704,103.801075,OPERATIONAL,ESSO QUEENSWAY A,ChIJ1-OsOD4a2jERjzumA6y_4D8,8R43+Q2 Singapore,6PH58R43+Q2,622 Queensway
50,1.312506,103.796223,1.313748,103.797538,1.31105,103.79484,OPERATIONAL,ESSO HOLLAND,ChIJ0eeefGsa2jERa6aGen9RFcw,8Q7W+2F Singapore,6PH58Q7W+2F,174 Holland Road
51,1.317747,103.785419,1.31922,103.786943,1.316522,103.784245,OPERATIONAL,Caltex Holland,ChIJi2LytXoa2jERtCXSLmTPzqg,8Q9P+35 Singapore,6PH58Q9P+35,297 Holland Road
52,1.305726,103.795175,1.307075,103.796524,1.304377,103.793826,OPERATIONAL,SINGAPORE PETROLEUM COMPANY LIMITED,ChIJm2JTB0Ea2jERWmUWnRgWHXA,8Q4W+73 Singapore,6PH58Q4W+73,490 Commonwealth Avenue
53,1.325005,103.82686,1.326136,103.82828,1.323438,103.825582,OPERATIONAL,Caltex Whitley,ChIJX0DucP4Z2jERYjpl5DRCBhc,8RGG+2P Singapore,6PH58RGG+2P,236 Whitley Road
54,1.291452,103.800794,1.292741,103.802085,1.290044,103.799387,OPERATIONAL,SPC Queensway,ChIJW9chBDUa2jERnlemqorU67o,7RR2+H8 Singapore,6PH57RR2+H8,264 Queensway
55,1.291176,103.801237,1.292466,103.80245,1.289768,103.799752,OPERATIONAL,ESSO QUEENSWAY B,ChIJaSb5KTcb2jERc9lHWmg-alk,7RR2+FF Singapore,6PH57RR2+FF,262 Queensway
56,1.290633,103.806843,1.29185,103.80827,1.289153,103.805572,OPERATIONAL,Shell,ChIJhbbrHjMa2jER9ZPnxxX0cYk,7RR4+7P Singapore,6PH57RR4+7P,358 Alexandra Road
57,1.290319,103.806683,1.291667,103.808034,1.288969,103.805336,OPERATIONAL,Caltex Alexandra,ChIJLzJdIjMa2jERCE-24JsjoZ0,7RR4+4M Singapore,6PH57RR4+4M,360 Alexandra Road
58,1.284465,103.81502,1.285861,103.816386,1.283163,103.813688,OPERATIONAL,Caltex Jalan Bukit Merah,ChIJO-Y6WNEb2jERXfM1lX2AYIk,7RM8+Q2 Singapore,6PH57RM8+Q2,3781 Jalan Bukit Merah
59,1.277256,103.790802,1.278581,103.792101,1.275884,103.789403,OPERATIONAL,SPC Pasir Panjang,ChIJ0eecsLsb2jERzDcbkbWEIfE,7QGR+W8 Singapore,6PH57QGR+W8,158 Pasir Panjang Road
60,1.284225,103.818531,1.285517,103.819867,1.282819,103.817169,OPERATIONAL,SPC Bukit Merah,ChIJwb3IgNYb2jERjZwA-B1tQAA,7RM9+MC Singapore,6PH57RM9+MC,3800 Jalan Bukit Merah
61,1.289379,103.802905,1.290669,103.804198,1.287971,103.8015,OPERATIONAL,Shell,ChIJSZ8jS8sb2jER150JJNU95bE,7RQ3+Q5 Singapore,6PH57RQ3+Q5,260 Queensway
62,1.277461,103.789686,1.278669,103.790952,1.275971,103.788254,OPERATIONAL,Shell,ChIJeRmKALsb2jERP9qGw69L1fw,7QGQ+XV Singapore,6PH57QGQ+XV,168 Pasir Panjang Road
63,1.280117,103.785589,1.281451,103.786893,1.278753,103.784195,OPERATIONAL,ESSO PASIR PANJANG,ChIJHRQA9a8b2jERcNksr_2TU4A,7QJP+26 Singapore,6PH57QJP+26,242A Pasir Panjang Road
64,1.289199,103.777838,1.290448,103.77909,1.28775,103.776392,OPERATIONAL,Shell,ChIJGXNq1Kob2jERpoF9dMeV03g,7QQH+M4 Singapore,6PH57QQH+M4,328 Pasir Panjang Road
65,1.270451,103.812792,1.271712,103.813986,1.269014,103.811288,OPERATIONAL,Shell,ChIJVVWFf90b2jERetb65n7FkzI,7RC7+54 Singapore,6PH57RC7+54,450 Telok Blangah Road
66,1.269402,103.814369,1.270636,103.815606,1.267938,103.812908,OPERATIONAL,ESSO TELOK BLANGAH,ChIJuyYMQOcb2jER8CzI-6DmHEE,7R97+QP Singapore,6PH57R97+QP,396 Telok Blangah Road
67,1.29297,103.82679,1.294319,103.828138,1.291621,103.825441,OPERATIONAL,Aktis Capital Singapore Pte Ltd,ChIJr4liWYEZ2jERHu2GbSHCfNg,7RVG+5P Singapore,6PH57RVG+5P,491B River Valley Road
68,1.292586,103.825672,1.294113,103.827135,1.291415,103.824437,OPERATIONAL,ESSO JERVOIS,ChIJp-vzFYEZ2jER4FqS64oUNhU,7RVG+27 Singapore,6PH57RVG+27,1 Jervois Road
69,1.271804,103.80709,1.273114,103.808431,1.270416,103.805733,OPERATIONAL,SPC Telok Blangah,ChIJS1vxX8Ib2jERvwFSDP61tsU,7RC4+PR Singapore,6PH57RC4+PR,616 Telok Blangah Road
70,1.28855,103.814015,1.28995,103.815636,1.287252,103.812938,OPERATIONAL,Union Gas Holdings Limited,ChIJ5cwpOtMb2jERG0pitg6KNQ0,7RQ7+CJ Singapore,6PH57RQ7+CJ,Singapore
71,1.288449,103.819565,1.289902,103.821014,1.287204,103.818316,OPERATIONAL,Shell,ChIJTUBkO9Ub2jER2ZybAOJ2z2c,7RQ9+9R Singapore,6PH57RQ9+9R,603 Tiong Bahru Road
72,1.288413,103.819623,1.289887,103.820976,1.287189,103.818278,OPERATIONAL,Soon Tyre Pte Ltd,ChIJZ3CFJMUb2jERptHimQRyDcU,7RQ9+9R Singapore,6PH57RQ9+9R,"603 Tiong Bahru Road, Singapore"
73,1.282595,103.821434,1.284029,103.822979,1.281331,103.820282,OPERATIONAL,ESSO JALAN BUKIT MERAH,ChIJ5RHzKNYb2jER5mJK7dKle6E,7RMC+2H Singapore,6PH57RMC+2H,2991 Jalan Bukit Merah
74,1.269315,103.814311,1.270596,103.815619,1.267898,103.812921,OPERATIONAL,Esso Telok Blangah Service Station,ChIJS6RGFecb2jERmHJgQJaHhEY,7R97+PP Singapore,6PH57R97+PP,396 Telok Blangah Road
75,1.290952,103.825393,1.292237,103.826733,1.289539,103.824035,OPERATIONAL,Petromore Services Pte Ltd,ChIJrXctpYEZ2jER1UnozqJndaI,7RRG+95 Singapore,6PH57RRG+95,2 Alexandra Road
76,1.293097,103.825994,1.29444,103.827403,1.291742,103.824705,OPERATIONAL,SPC River Valley,ChIJ-wGJR4EZ2jERdYoZhCGVuoA,7RVG+69 Singapore,6PH57RVG+69,2 Jervois Road
77,1.434301,103.762023,1.435615,103.763484,1.432917,103.760786,OPERATIONAL,Esso,ChIJnQG7PFoS2jERLLTp2UlbwiQ,CQM6+PR Singapore,6PH5CQM6+PR,1091 Woodlands Road
78,1.411288,103.757825,1.41259,103.758992,1.409892,103.756294,OPERATIONAL,Smart Energy,ChIJXyczUyMS2jERWlYnpFIj-g0,CQ65+G4 Singapore,6PH5CQ65+G4,Mandai Link
79,1.411217,103.757784,1.412527,103.758978,1.409829,103.75628,OPERATIONAL,Smart Energy Pte. Ltd.,ChIJXyczUyMS2jERPdIHVqs_NEs,CQ65+F4 Singapore,6PH5CQ65+F4,"1 Mandai Link, Singapore"
80,1.411309,103.756498,1.412774,103.75788,1.410076,103.755182,OPERATIONAL,Shell,ChIJhQS-NSMS2jERtRzULn2X47A,CQ64+GH Singapore,6PH5CQ64+GH,695 Mandai Road
81,1.39534,103.747421,1.396699,103.748744,1.394001,103.746046,OPERATIONAL,ESSO M-D PETROLEUM,ChIJ3S1rzPMR2jERyehjpSVmepo,9PWW+4X Singapore,6PH59PWW+4X,50 Choa Chu Kang Drive
82,1.435945,103.754762,1.437307,103.756184,1.434609,103.753486,OPERATIONAL,King Star Hardware Co.,ChIJlTIOYV4S2jEReQqs7rGnff8,CQP3+9W Singapore,6PH5CQP3+9W,245 Kranji Road
83,1.432246,103.748346,1.433487,103.749645,1.430789,103.746947,OPERATIONAL,Ley Choon Head Quarter,ChIJHz1bWmYS2jERNyKq13kZP2g,CPJX+V8 Singapore,6PH5CPJX+V8,"3 Sungei Kadut Drive, Singapore"
84,1.385593,103.746462,1.387037,103.747727,1.384339,103.745029,OPERATIONAL,Shell,ChIJl6sCK-oR2jERHcyJLqX9hXc,9PPW+6H Singapore,6PH59PPW+6H,20 Choa Chu Kang Drive
85,1.431771,103.839777,1.433084,103.841042,1.430386,103.838344,OPERATIONAL,ESSO YISHUN,ChIJT3HhZGYU2jER3bUMd7NaBpE,CRJQ+PW Singapore,6PH5CRJQ+PW,10 Yishun Avenue 9
86,1.417496,103.837891,1.418981,103.839216,1.416284,103.836518,OPERATIONAL,SPC Yishun,ChIJfUavmRMU2jERfUyq8aGqdjw,CR8Q+X5 Singapore,6PH5CR8Q+X5,599 Yishun Ring Road
87,1.429614,103.830034,1.431058,103.831352,1.42836,103.828654,OPERATIONAL,Caltex Chong Pang,ChIJ8e_Wg3AU2jERufSiAOqXDzo,CRHJ+R2 Singapore,6PH5CRHJ+R2,3700 Yishun Ring Road
88,1.430777,103.83306,1.432179,103.834579,1.429481,103.831881,OPERATIONAL,Shell,ChIJ0WFutHoU2jEROyptW-4a2Js,CRJM+86 Singapore,6PH5CRJM+86,1 Yishun Street 11
89,1.420304,103.848146,1.421679,103.849476,1.418981,103.846778,OPERATIONAL,Sinopec Yishun,ChIJp9w7K4sV2jER2BbpDVNXnQM,CRCX+47 Singapore,6PH5CRCX+47,301 Yishun Avenue 1 Sinopec
90,1.395364,103.880273,1.396829,103.881642,1.394131,103.878944,OPERATIONAL,ESSO SENGKANG WESTWAY,ChIJVx3AoBsX2jERb-Wb5wmfNwg,9VWJ+44 Singapore,6PH59VWJ+44,150 Sengkang West Way
91,1.404557,103.906649,1.405817,103.908095,1.403119,103.905397,OPERATIONAL,Shell,ChIJKbLQr_0V2jER3kzx1P9FOQI,CW34+RM Singapore,6PH5CW34+RM,821 Punggol Road
92,1.391234,103.898976,1.392653,103.900421,1.389955,103.897723,OPERATIONAL,SPC Sengkang,ChIJdTLaxBEW2jERNDj1IGx44FE,9VRX+FH Singapore,6PH59VRX+FH,91 Sengkang East Way
93,1.391482,103.892641,1.392681,103.89409,1.389983,103.891392,OPERATIONAL,Shell,ChIJlxrPphIW2jER4CSB-wpy06w,9VRV+H3 Singapore,6PH59VRV+H3,"61 Sengkang East Road, Singapore"
94,1.400397,103.909201,1.401773,103.910565,1.399075,103.907867,OPERATIONAL,SPC Punggol,ChIJVRF7sAAW2jERdTEkM-pOnNM,CW25+5M Singapore,6PH5CW25+5M,100 Punggol Central
95,1.410302,103.900961,1.411557,103.902251,1.408859,103.899553,OPERATIONAL,SPC Sumang,ChIJeQ96jpAV2jERS0-ki40n_5Y,CW62+49 Singapore,6PH5CW62+49,10 Sumang Link
96,1.400397,103.909201,1.401773,103.910565,1.399075,103.907867,OPERATIONAL,Spc Service Station,ChIJa0jwsAAW2jERDfRjQGfEoPI,CW25+5M Singapore,6PH5CW25+5M,"100 Punggol Central, Singapore"
97,1.385063,103.900538,1.386252,103.901846,1.383554,103.899148,OPERATIONAL,ESSO SENGKANG,ChIJ98xayJAX2jERZ164kBZmBjY,9WP2+26 Singapore,6PH59WP2+26,211 Punggol Road
98,1.383614,103.877098,1.384959,103.878346,1.382261,103.875648,OPERATIONAL,gs,ChIJvVE__h4X2jER5tXHA9Miiao,9VMG+CR Singapore,6PH59VMG+CR,"298 Yio Chu Kang Road, Singapore"
99,1.383524,103.877071,1.384973,103.878306,1.382275,103.875608,OPERATIONAL,Shell,ChIJK7HTnmcW2jERFuLYNb0sUE8,9VMG+CR Singapore,6PH59VMG+CR,298 Yio Chu Kang Road
100,1.378965,103.836113,1.380288,103.837417,1.37759,103.834719,OPERATIONAL,SPC Ang Mo Kio Ave 5,ChIJy5wyiMYW2jER4_lyQBmqzbg,9RHP+HC Singapore,6PH59RHP+HC,2761 Ang Mo Kio Avenue 5
101,1.367812,103.844743,1.368979,103.846225,1.366281,103.843527,OPERATIONAL,Shell,ChIJi9rpHd4W2jERaDVX1NhI6S8,9R9V+4V Singapore,6PH59R9V+4V,3535 Ang Mo Kio Avenue 6
102,1.365345,103.83959,1.366632,103.840918,1.363934,103.83822,OPERATIONAL,SPC Ang Mo Kio Ave 1 (1),ChIJVwDgNt8W2jERQg1q34qf8Mc,9R8Q+4R Singapore,6PH59R8Q+4R,793 Ang Mo Kio Avenue 1
103,1.365385,103.839705,1.366636,103.841021,1.363938,103.838323,OPERATIONAL,SINGAPORE PETROLEUM COMPANY LIMITED,ChIJuXXsN98W2jER0lIs-poTfTM,9R8Q+5V Singapore,6PH59R8Q+5V,"793 Ang Mo Kio Avenue 1, Singapore"
104,1.364364,103.84588,1.365605,103.847206,1.362907,103.844508,OPERATIONAL,SPC Ang Mo Kio Ave 1 (2),ChIJ4UxA_rYX2jERqrklasFsLaY,9R7W+P9 Singapore,6PH59R7W+P9,"1351 Ang Mo Kio Avenue 1, Singapore"
105,1.370857,103.864055,1.372149,103.865425,1.369451,103.862727,OPERATIONAL,Esso Ang Mo Kio Ave 3,ChIJp0sFCfkW2jERtbt9e6mNb9E,9VC7+8J Singapore,6PH59VC7+8J,3551 Ang Mo Kio Avenue 3
106,1.362589,103.852694,1.363939,103.854124,1.361241,103.851426,OPERATIONAL,Hong Joo Co Pte Ltd,ChIJTT75vB0X2jERyJ77GQymj-k,9V73+23 Singapore,6PH59V73+23,"2225 Ang Mo Kio Avenue 8, Singapore"
107,1.362517,103.852513,1.363833,103.854033,1.361135,103.851335,OPERATIONAL,ESSO ANG MO KIO AVE 8,ChIJI--IvB0X2jERcqE9k2qLGBA,9V73+22 Singapore,6PH59V73+22,2225 Ang Mo Kio Avenue 8
108,1.371201,103.863638,1.372559,103.865017,1.369861,103.862319,OPERATIONAL,Mobil 1,ChIJTetZn_kW2jERpp-AnA-3rBs,9VC7+FF Singapore,6PH59VC7+FF,01-299 Ang Mo Kio Ind Park 2
109,1.375501,103.868937,1.376815,103.870286,1.374117,103.867588,OPERATIONAL,Diesel pump,ChIJ4T3BTJEX2jERGXsO6Z3iAVo,9VG9+6H Singapore,6PH59VG9+6H,Serangoon North Avenue 5
110,1.375587,103.869048,1.376858,103.870394,1.37416,103.867696,OPERATIONAL,Contactless Car Wash,ChIJ4f0FYlgW2jERYWZrmrFcfWw,9VG9+6J Singapore,6PH59VG9+6J,"9A Serangoon North Avenue 5, Singapore"
111,1.381654,103.876534,1.383003,103.877882,1.380305,103.875185,OPERATIONAL,ESSO YIO CHU KANG B,ChIJUTo7ZY8X2jERI_ebxm3Iihw,9VJG+MJ Singapore,6PH59VJG+MJ,299 Yio Chu Kang Road
112,1.363225,103.867347,1.364515,103.868694,1.361817,103.865996,OPERATIONAL,Shell,ChIJeeH8DwAX2jERqN4gUiXWMjE,9V78+7W Singapore,6PH59V78+7W,49 Serangoon Garden Way
113,1.362322,103.868133,1.363688,103.869429,1.36099,103.866731,OPERATIONAL,Esso,ChIJqZvFw1cX2jERtDZLh51XiEE,9V69+W7 Singapore,6PH59V69+W7,384 Lorong Chuan
114,1.357862,103.867943,1.359115,103.869418,1.356417,103.86672,OPERATIONAL,Caltex (Lorong Chuan),ChIJTyqjxbYZ2jERbg_8-TDCExQ,9V59+45 Singapore,6PH59V59+45,"277 Lorong Chuan, Road"
115,1.368784,103.884284,1.369977,103.885513,1.367279,103.882815,OPERATIONAL,SPC Hougang,ChIJ8xXNoE4W2jERh8Cl0Pv6QNQ,9V9M+GP Singapore,6PH59V9M+GP,120 Hougang Avenue 2
116,1.363414,103.888134,1.364532,103.889307,1.361834,103.886609,OPERATIONAL,ESSO UPPER SERANGOON,ChIJ7z0617QX2jERj9xehwvpZ8A,9V7Q+97 Singapore,6PH59V7Q+97,1027 Upper Serangoon Road
117,1.368653,103.884246,1.369897,103.885574,1.367199,103.882877,OPERATIONAL,Spc,ChIJAbT9o04W2jERp3m-l-TVp8c,9V9M+FM Singapore,6PH59V9M+FM,"120 Hougang Avenue 2, Singapore"
118,1.366292,103.887771,1.367578,103.889119,1.36488,103.886421,OPERATIONAL,Trion Marine Pte Ltd,ChIJ15XYxUsW2jERC0zuDlXtDwU,9V8Q+G4 Singapore,6PH59V8Q+G4,"711 Hougang Avenue 2, Block 711, Singapore"
119,1.361843,103.900999,1.363183,103.902289,1.360485,103.899591,OPERATIONAL,Kian Shun Trading,ChIJ5yHZDc0X2jER94fNooLoGxA,9W62+P9 Singapore,6PH59W62+P9,"No. 1A Defu Avenue 2, 539523"
120,1.358833,103.883991,1.360324,103.885377,1.357626,103.882679,OPERATIONAL,Esso Kovan,ChIJwwwUXrEX2jER39c30Vzb8OM,9V5M+GH Singapore,6PH59V5M+GH,866 Upper Serangoon Road
121,1.358585,103.882886,1.359732,103.884273,1.357034,103.881575,OPERATIONAL,SPC Upper Serangoon,ChIJzVDfebEX2jERdT6CvVTpM2Q,9V5M+C5 Singapore,6PH59V5M+C5,849 Upper Serangoon Road
122,1.37494,103.940567,1.376317,103.941938,1.373619,103.93924,OPERATIONAL,Esso Pasir Ris,ChIJ92-8_bw92jER0657cAmOqog,9WFR+X6 Singapore,6PH59WFR+X6,61 Pasir Ris Drive 1
123,1.370957,103.960383,1.372319,103.961844,1.369621,103.959146,OPERATIONAL,SPC Pasir Ris,ChIJt8MZLq092jER5RUbqysi4zY,9XC6+95 Singapore,6PH59XC6+95,11 Pasir Ris Drive 4
124,1.38403,103.970452,1.385481,103.971835,1.382784,103.969137,OPERATIONAL,Asia Pacific Geophysical S'pore Pte Ltd,ChIJB69tEEk82jERMbEhr_SZVgM,9XMC+J5 Singapore,6PH59XMC+J5,"25 Loyang Crescent, Singapore"
125,1.38403,103.970452,1.385481,103.971835,1.382784,103.969137,OPERATIONAL,Otronix Singapore Pte. Ltd.,ChIJB69tEEk82jERI_wJI9VaL70,9XMC+J5 Singapore,6PH59XMC+J5,"25 Loyang Crescent, Singapore"
126,1.38403,103.970452,1.385481,103.971835,1.382784,103.969137,OPERATIONAL,Neytech Oilfield And Engineering Services,ChIJB69tEEk82jER06stXEonJrc,9XMC+J5 Singapore,6PH59XMC+J5,"25 Loyang Crescent, Singapore"
127,1.357547,103.958946,1.359103,103.960308,1.356405,103.95761,OPERATIONAL,ESSO TAMPINES AVE 7,ChIJz6zKOAI92jERP4M2yvphNgE,9X55+2H Singapore,6PH59X55+2H,9 Tampines Avenue 7
128,1.360552,103.947674,1.36182,103.948895,1.359122,103.946197,OPERATIONAL,ESSO TAMPINES AVE 9,ChIJg4Yn8wg92jER1mwpYn-j3Xk,9W6X+63 Singapore,6PH59W6X+63,40 Tampines Avenue 9
129,1.38403,103.970452,1.385481,103.971835,1.382784,103.969137,OPERATIONAL,Subspection Pte. Ltd.,ChIJB69tEEk82jERG1r_Oggv3i0,9XMC+J5 Singapore,6PH59XMC+J5,"25 Loyang Crescent, Singapore"
130,1.365855,103.967185,1.367074,103.968434,1.364376,103.965736,OPERATIONAL,Shell,ChIJ5-m2h1Y82jERYdgG6JdDLr8,9X88+8V Singapore,6PH59X88+8V,1 New Loyang Link
131,1.378845,103.97413,1.380178,103.975451,1.37748,103.972754,OPERATIONAL,Techzone Oilfield Engrg (s) Pte Ltd,ChIJB8zARkY82jER0vRnl_yGdw0,9XHF+GM Singapore,6PH59XHF+GM,117 508988 Loyang Crescent
132,1.359891,103.969814,1.361223,103.971197,1.358525,103.968499,OPERATIONAL,Esso Upper Changi North B,ChIJS2UVVTc92jERB7MqLBCI5Lc,9X59+XW Singapore,6PH59X59+XW,955 Upper Changi Road North
133,1.376914,103.762529,1.378309,103.763804,1.375611,103.761106,OPERATIONAL,Esso Bukit Panjang,ChIJcSaWPLsR2jERl1upDtjWbqU,9QG7+Q2 Singapore,6PH59QG7+Q2,"926 Upper Bukit Timah Road, Singapore"
134,1.377592,103.750216,1.378992,103.751606,1.376294,103.748908,OPERATIONAL,ESSO CHOA CHU KANG WAY,ChIJkcKtPccR2jERxdrAFhboLD4,9QH2+23 Singapore,6PH59QH2+23,31 Choa Chu Kang Way
135,1.372244,103.763442,1.373651,103.764672,1.370953,103.761974,OPERATIONAL,Shell,ChIJy7qaKLAR2jERzB13JY15exo,9QC7+V9 Singapore,6PH59QC7+V9,772 Upper Bukit Timah Road
136,1.366739,103.750594,1.367994,103.752122,1.365296,103.749424,OPERATIONAL,ESSO BUKIT BATOK,ChIJCcHq9MoR2jERKTmG1Dl2WUQ,9Q82+M6 Singapore,6PH59Q82+M6,"813 Bukit Batok West Avenue 5, Singapore"
137,1.350189,103.738478,1.351349,103.739818,1.348651,103.73712,OPERATIONAL,Shell,ChIJK50NbyMQ2jERHgJyzjDRgM4,9P2Q+39 Singapore,6PH59P2Q+39,11 Bukit Batok West Avenue 3
138,1.378195,103.738001,1.379373,103.739304,1.376675,103.736606,OPERATIONAL,ESSO CHOA CHU KANG AVE 3,ChIJk4wfetsR2jERzifXduNeZys,9PHQ+76 Singapore,6PH59PHQ+76,50 Choa Chu Kang Avenue 3
139,1.336195,103.757222,1.337403,103.758471,1.334705,103.755773,OPERATIONAL,Eagle Oilfield Services Pte. Ltd.,ChIJA0shBnIQ2jERUgG7oQoMHBw,8QP4+FV Singapore,6PH58QP4+FV,"55 Toh Guan Road East, Singapore"
140,1.347544,103.764919,1.348694,103.766145,1.345996,103.763447,OPERATIONAL,Shell,ChIJIfntPF0Q2jER0jaRorgn-OU,8QX7+2X Singapore,6PH58QX7+2X,28 Bukit Batok East Avenue 6
141,1.33679,103.754218,1.337997,103.755495,1.335299,103.752797,OPERATIONAL,MyGreenOil,ChIJgcEUd20Q2jERTGQ5K0Zhqw0,8QP3+PM Singapore,6PH58QP3+PM,48 Toh Guan Road East
142,1.343207,103.75837,1.344763,103.759833,1.342065,103.757135,OPERATIONAL,SPC Bukit Batok,ChIJbeLBS3QR2jERtxCDlMrcIgg,8QV5+78 Singapore,6PH58QV5+78,50 Bukit Batok East Avenue 3
143,1.33936,103.757159,1.34075,103.758534,1.338052,103.755836,OPERATIONAL,Petrogas Services (Singapore) Pte Ltd,ChIJXzpPJGwQ2jER8P1_Fp4sPz8,8QQ4+PV Singapore,6PH58QQ4+PV,50 Bukit Batok Street 23
144,1.342205,103.737335,1.343701,103.738769,1.341003,103.736071,OPERATIONAL,SPC Jurong East,ChIJ6TLPdBkQ2jERWbhJWoF5aPA,8PRP+VW Singapore,6PH58PRP+VW,91 Jurong East Avenue 1
145,1.345283,103.732835,1.346569,103.734004,1.343871,103.731306,OPERATIONAL,ESSO JURONG EAST,ChIJ9cIybh8Q2jERWDftbvI3XdQ,8PWM+44 Singapore,6PH58PWM+44,150 Jurong East Avenue 1
146,1.351048,103.723699,1.35239,103.725046,1.349692,103.722348,OPERATIONAL,ESSO JURONG WEST,ChIJZw3pVtkP2jER6jn7yr3Wvnw,9P2F+CF Singapore,6PH59P2F+CF,10 Jurong West Avenue 1
147,1.349572,103.7148,1.350814,103.71623,1.348116,103.713532,OPERATIONAL,Caltex Jurong Spring,ChIJnyNrdFgP2jEReKySWiXU4Eo,8PX7+RW Singapore,6PH58PX7+RW,100 Jurong West Avenue 1
148,1.32514,103.72456,1.326332,103.725829,1.323634,103.723131,OPERATIONAL,Esso Jalan Ahmad Ibrahim,ChIJQRD_tFUF2jERmMT95XI0t-M,8PGF+3R Singapore,6PH58PGF+3R,302 Jalan Ahmad Ibrahim
149,1.336125,103.712547,1.337257,103.713726,1.334559,103.711028,OPERATIONAL,Silesia Flavours South East Asia Pte Ltd,ChIJm5BLYFIa2jERUOvptW_Vu4E,8PP7+C2 Singapore,6PH58PP7+C2,"7 Chin Bee Drive, Singapore"
150,1.338652,103.692774,1.339947,103.694199,1.337249,103.691501,OPERATIONAL,Caltex Jurong West,ChIJ03PLjJoP2jERs8r24d9zdJw,8MQV+F4 Singapore,6PH58MQV+F4,21 Jurong West Street 93
151,1.343949,103.707805,1.345462,103.708944,1.342764,103.706246,OPERATIONAL,Shell,ChIJUTJ74-oP2jERqd4EUu4Lojo,8PV5+H4 Singapore,6PH58PV5+H4,2 Boon Lay Avenue
152,1.350024,103.701209,1.351553,103.702646,1.348855,103.699948,OPERATIONAL,Shell,ChIJrXUHub4P2jERlhv2lQLrZVc,9P22+2F Singapore,6PH59P22+2F,21 Jurong West Avenue 5
153,1.321812,103.708275,1.323197,103.709628,1.320499,103.70693,OPERATIONAL,JB 1/2,ChIJSzeJPcIF2jERSzRFtm4G6mU,8PC5+P8 Singapore,6PH58PC5+P8,Jurong Bird Pk
154,1.323824,103.721813,1.325167,103.723163,1.322469,103.720465,OPERATIONAL,Honda Jurong Service Centre,ChIJIdQPlVYF2jER8-Hmn5M-blI,8PFC+GP Singapore,6PH58PFC+GP,311 Jalan Ahmad Ibrahim
155,1.323424,103.721774,1.324874,103.723106,1.322176,103.720408,OPERATIONAL,Shell,ChIJ5T1UvlYF2jER062tGaWvNN8,8PFC+9P Singapore,6PH58PFC+9P,311 Jalan Ahmad Ibrahim
156,1.327422,103.680742,1.328892,103.68209,1.326194,103.679392,OPERATIONAL,加油站,ChIJJ9TuOnwF2jERFJBm-XSKfuU,8MGJ+X7 Singapore,6PH58MGJ+X7,"Opp, Molex"
157,1.32324,103.691904,1.324444,103.693117,1.321746,103.690419,OPERATIONAL,Caltex Jln Ahmad Ibrahim,ChIJI3RdhXwF2jERxKX4Q6yIp1E,8MFR+7Q Singapore,6PH58MFR+7Q,400 Jalan Ahmad Ibrahim
158,1.323182,103.691894,1.324414,103.693138,1.321716,103.69044,OPERATIONAL,加德士加油站,ChIJJ-AYhXwF2jERctCKJ-rbCpo,8MFR+7Q Singapore,6PH58MFR+7Q,"400 Jalan Ahmad Ibrahim, Singapura"
159,1.32017,103.674759,1.321544,103.676106,1.318847,103.673408,OPERATIONAL,Petro Energy Resources,ChIJVVXJ8IQF2jERj1EUUpTKR9g,8MCF+3W Singapore,6PH58MCF+3W,156 Gul Circle
160,1.351306,103.835411,1.352693,103.836747,1.349995,103.834049,OPERATIONAL,Shell,ChIJbeaENjoX2jERp7lf3KRhe2s,9R2P+G5 Singapore,6PH59R2P+G5,183A Upper Thomson Road
161,1.34883,103.837779,1.350129,103.839045,1.347431,103.836347,OPERATIONAL,SINGAPORE PETROLEUM COMPANY LIMITED,ChIJ5b19PzkX2jERKcMiCi8S8WI,8RXQ+G4 Singapore,6PH58RXQ+G4,"98 Upper Thomson Road, Singapore"
162,1.348899,103.837844,1.350227,103.83916,1.347529,103.836462,OPERATIONAL,SPC Upper Thomson,ChIJ9dcgRzkX2jERV33FKKvDf-w,8RXQ+H4 Singapore,6PH58RXQ+H4,98 Upper Thomson Road
163,1.348015,103.838326,1.349325,103.839565,1.346627,103.836867,OPERATIONAL,Shell,ChIJ_1hkLzkX2jERq6yTNCdy1mg,8RXQ+68 Singapore,6PH58RXQ+68,80 Upper Thomson Road
164,1.340211,103.84744,1.341717,103.848739,1.339019,103.846041,OPERATIONAL,Pentax Energy,ChIJq6rqg2kX2jERWIhQPNJGJ_0,8RRW+3X Singapore,6PH58RRW+3X,1 Lorong 2 Toa Payoh
165,1.341095,103.848894,1.342321,103.850168,1.339623,103.84747,OPERATIONAL,Shell,ChIJDzUg3WsX2jERmPoDxQZ-NOM,8RRX+CH Singapore,6PH58RRX+CH,248 Lorong 1 Toa Payoh
166,1.336276,103.846445,1.337703,103.847684,1.335005,103.844986,OPERATIONAL,ESSO TOA PAYOH LORONG 2,ChIJRbuWe0YX2jEROfowX43KEI8,8RPW+GH Singapore,6PH58RPW+GH,399 Lorong 2 Toa Payoh
167,1.335755,103.855494,1.337138,103.856892,1.33444,103.854194,OPERATIONAL,SPC Toa Payoh,ChIJcdf1WGUX2jERJfzhYsF_iak,8VP4+85 Singapore,6PH58VP4+85,180 Lorong 6 Toa Payoh
168,1.347379,103.871661,1.348585,103.873082,1.345887,103.870384,OPERATIONAL,Caltex Serangoon Avenue,ChIJv-bhp6EX2jERGUkPrs9KSfw,8VWC+XM Singapore,6PH58VWC+XM,559 Upper Serangoon Road
169,1.344578,103.864518,1.345773,103.865801,1.343075,103.863104,OPERATIONAL,Shell,ChIJeXit13QX2jERBnCWZed7WE4,8VV7+RR Singapore,6PH58VV7+RR,110 Braddell Road
170,1.357782,103.867901,1.359109,103.869402,1.356411,103.866704,OPERATIONAL,车停处,ChIJp1uSYQcX2jERZSikDgDjMCs,9V59+45 Singapore,6PH59V59+45,277 Lorong Chuan
171,1.347379,103.871661,1.348551,103.873067,1.345853,103.870369,OPERATIONAL,Caltex,ChIJzXLcp6EX2jERUeTBelcL8x4,8VWC+XM Singapore,6PH58VWC+XM,"559 Upper Serangoon Road, Singapore"
172,1.357832,103.875409,1.359048,103.876684,1.35635,103.873986,OPERATIONAL,SPC Yio Chu Kang,ChIJc8Omv64X2jERe3sfeR1HF0U,9V5G+45 Singapore,6PH59V5G+45,76 Yio Chu Kang Road
173,1.355724,103.880718,1.357216,103.882184,1.354518,103.879486,OPERATIONAL,Caltex Upper Serangoon,ChIJNytzPrAX2jERObwlY84kQuw,9V4J+77 Singapore,6PH59V4J+77,"818 Upper Serangoon Road, Singapore"
174,1.360723,103.873937,1.362062,103.875147,1.359364,103.872449,OPERATIONAL,Shell,ChIJcyU4dqwX2jERYaddFq2cLZs,9V6F+7H Singapore,6PH59V6F+7H,158 Yio Chu Kang Road
175,1.360991,103.873887,1.362313,103.87512,1.359615,103.872422,OPERATIONAL,ESSO YIO CHU KANG A,ChIJZQFneKwX2jERjv9QvE1IwuU,9V6F+9H Singapore,6PH59V6F+9H,160 Yio Chu Kang Road
176,1.349319,103.89012,1.350819,103.891322,1.348122,103.888624,OPERATIONAL,Shell,ChIJfYr5M78X2jERsV-WMVujC48,8VXR+P2 Singapore,6PH58VXR+P2,600 Hougang Avenue 3
177,1.331865,103.880311,1.333225,103.881658,1.330527,103.87896,OPERATIONAL,SPC Macpherson,ChIJ1wVfQ48X2jERE5FiMdJVqzA,8VJJ+P4 Singapore,6PH58VJJ+P4,429 MacPherson Road
178,1.331111,103.877799,1.332388,103.879062,1.32969,103.876364,OPERATIONAL,Shell,ChIJLerW2IUX2jERaAM0i5Gk4yA,8VJH+C4 Singapore,6PH58VJH+C4,259 MacPherson Road
179,1.33263,103.883664,1.333857,103.885078,1.331159,103.88238,OPERATIONAL,Caltex MacPherson 465,ChIJ45jHV4AX2jER6jxgNAyuv7E,8VMM+3F Singapore,6PH58VMM+3F,465 MacPherson Road
180,1.337139,103.897815,1.338714,103.899331,1.336016,103.896633,OPERATIONAL,ALCADES ( Robert Khoo ),ChIJRy0ZMZA92jERVeMwsyVSNgE,8VPX+V4 Singapore,6PH58VPX+V4,7 Kaki Bukit Road 2
181,1.331767,103.888831,1.333083,103.890371,1.330385,103.887673,OPERATIONAL,Shell,ChIJvzb3jowX2jERgkBGQXDrvAY,8VJQ+PG Singapore,6PH58VJQ+PG,255 Paya Lebar Road
182,1.331872,103.880318,1.333226,103.881666,1.330528,103.878968,OPERATIONAL,SINGAPORE PETROLEUM COMPANY LIMITED,ChIJUwVTW48X2jERrwa-oNBsFdQ,8VJJ+P4 Singapore,6PH58VJJ+P4,429 MacPherson Road
183,1.332305,103.878956,1.333722,103.880216,1.331025,103.877518,OPERATIONAL,Esso Upper Aljunied,ChIJjRLLjYUX2jERxP3En_Jek_E,8VJH+WH Singapore,6PH58VJH+WH,373 Upper Aljunied Road
184,1.349375,103.928443,1.350702,103.929939,1.348004,103.927241,OPERATIONAL,Caltex Tampines Ave 8,ChIJP_k_02g92jERY5l4jhZVBIk,8WXH+Q9 Singapore,6PH58WXH+Q9,1 Tampines Avenue 8
185,1.348607,103.938533,1.349915,103.939929,1.347217,103.937231,OPERATIONAL,SPC Tampines,ChIJeU-6uxQ92jERhnscHNcMqNA,8WXQ+CC Singapore,6PH58WXQ+CC,10 Tampines Avenue 4
186,1.349193,103.9477,1.350453,103.949251,1.347755,103.946553,OPERATIONAL,Shell,ChIJheXwSRc92jERa0HWP_Os13o,8WXX+M3 Singapore,6PH58WXX+M3,9 Tampines Avenue 2
187,1.328202,103.939548,1.329545,103.941033,1.326847,103.938335,OPERATIONAL,Esso,ChIJf1gVCDU92jERgQx1PDxEfNg,8WHQ+7R Singapore,6PH58WHQ+7R,99 Bedok North Road
188,1.341131,103.941874,1.342368,103.943292,1.33967,103.940594,OPERATIONAL,Trisonic Authorised Car Servicing Workshop( Tampines ),ChIJ86SbRmE92jERWbn0h0la_gc,8WRR+FP Singapore,6PH58WRR+FP,"9002 Tampines Street 93, #01-74"
189,1.327927,103.939713,1.329228,103.94121,1.32653,103.938512,OPERATIONAL,SPC Bedok,ChIJI1OJBTU92jERe9DaszcH1sE,8WHQ+5V Singapore,6PH58WHQ+5V,101 Bedok North Road
190,1.320479,103.916078,1.321744,103.91755,1.319046,103.914852,OPERATIONAL,Esso,ChIJFz9mlKki2jERoXW3foCsEcg,8WC8+5C Singapore,6PH58WC8+5C,649 Changi Road
191,1.322286,103.932389,1.323621,103.933675,1.320923,103.930977,OPERATIONAL,ESSO BEDOK SOUTH,ChIJM61ncrQi2jER64rzH1OVJnA,8WCJ+WX Singapore,6PH58WCJ+WX,799 Bedok South Avenue 1
192,1.330824,103.9476,1.332205,103.948997,1.329507,103.946299,OPERATIONAL,Shell,ChIJl8GhizE92jERZJqznn9Z6iE,8WJX+82 Singapore,6PH58WJX+82,331 Bedok Road
193,1.318081,103.832086,1.319525,103.83351,1.316827,103.830812,OPERATIONAL,SPC Bukit Timah,ChIJ53nOvfoZ2jERhXgiW2rhHVY,8R9J+6R Singapore,6PH58R9J+6R,"SG, Bukit Timah Road, 331"
194,1.318782,103.833132,1.320044,103.834454,1.317346,103.831756,OPERATIONAL,Caltex Dunearn,ChIJNXjqM-UZ2jERIVPW6WAI38Q,8R9M+G7 Singapore,6PH58R9M+G7,130 Dunearn Road
195,1.316194,103.836862,1.317488,103.83815,1.31479,103.835452,OPERATIONAL,ESSO NEWTON,ChIJT0dXcu8Z2jERY03d3fMt6PA,8R8P+FP Singapore,6PH58R8P+FP,30 Dunearn Road
196,1.318901,103.849791,1.320393,103.851193,1.317695,103.848495,OPERATIONAL,Shell,ChIJX0vOjdwZ2jERIQkbcKw_7dA,8R9X+HW Singapore,6PH58R9X+HW,103 Moulmein Road
197,1.31334,103.861063,1.314651,103.86236,1.311953,103.859662,OPERATIONAL,ESSO LAVENDER,ChIJ6a4uvM4Z2jERg-fBwYtT9nA,8V76+8C Singapore,6PH58V76+8C,"216 Lavender Street, Singapore"
198,1.314462,103.857181,1.315667,103.8586,1.312969,103.855902,OPERATIONAL,Shell,ChIJiXNQd88Z2jERWnORf118bq8,8V74+QV Singapore,6PH58V74+QV,509 Serangoon Road
199,1.314504,103.857185,1.31576,103.858656,1.313062,103.855959,OPERATIONAL,Shell Select,ChIJ54lldM8Z2jERDvAk-w0GiD4,8V74+RV Singapore,6PH58V74+RV,"509 Serangoon Road, Singapore"
200,1.307431,103.895657,1.308806,103.89688,1.306108,103.894182,OPERATIONAL,Caltex Tanjong Katong,ChIJ2WrISmsY2jERc2MsD8hXsuo,8V4W+X7 Singapore,6PH58V4W+X7,265 Tanjong Katong Road
201,1.311011,103.88364,1.31227,103.88485,1.309572,103.882152,OPERATIONAL,ESSO GUILLEMARD,ChIJG1ihFDkY2jERZ6k5kiFTVLc,8V6M+CF Singapore,6PH58V6M+CF,225 Guillemard Road
202,1.309784,103.901022,1.311002,103.902376,1.308304,103.899678,OPERATIONAL,Shell,ChIJLQr-9RIY2jERQ8T-P4Ac6aA,8W52+WC Singapore,6PH58W52+WC,743 Dunman Road
203,1.310898,103.894443,1.312118,103.895672,1.30942,103.892974,OPERATIONAL,Shell,ChIJXYHoSRQY2jER54cJQjQ47-I,8V6V+9Q Singapore,6PH58V6V+9Q,191 Tanjong Katong Road
204,1.326317,103.896365,1.327493,103.897756,1.324795,103.895059,OPERATIONAL,Soon San Trading Services Pte Ltd,ChIJ3RlN8PUX2jERLuuZi5RcVZI,8VGW+GG Singapore,6PH58VGW+GG,"10 Ubi Crescent, Singapore"
205,1.321692,103.891663,1.323006,103.892836,1.320308,103.890138,OPERATIONAL,Shell,ChIJaXVoVB8Y2jERcAnghCcKtYU,8VCR+MM Singapore,6PH58VCR+MM,98 Paya Lebar Road
206,1.308317,103.894684,1.309698,103.896129,1.307,103.893431,OPERATIONAL,SPC Tanjong Katong,ChIJ9QsO2xQY2jERnhG2f-vV_XM,8V5V+8V Singapore,6PH58V5V+8V,"1 Swanage Road, Singapore"
207,1.312013,103.875564,1.313202,103.876931,1.310504,103.874233,OPERATIONAL,Shell,ChIJGUZDzzYY2jERlcLRhAcj2co,8V6G+R6 Singapore,6PH58V6G+R6,203 Geylang Road
208,1.302472,103.88432,1.303829,103.885701,1.301131,103.883003,OPERATIONAL,Esso Mountbatten,ChIJC2BFGUQY2jERyUzJOnt-Pog,8V2M+XP Singapore,6PH58V2M+XP,708 Mountbatten Road
209,1.31888,103.912884,1.320367,103.914288,1.317669,103.91159,OPERATIONAL,Shell,ChIJO0odogcY2jERPkQyM0NFhEw,8W97+H5 Singapore,6PH58W97+H5,460 Changi Road
210,1.308193,103.909796,1.309613,103.911072,1.306915,103.908374,OPERATIONAL,Shell,ChIJxffjRgsY2jERgyfQTntjxQw,8W55+7W Singapore,6PH58W55+7W,"338 East Coast Road, Singapore"
211,1.308128,103.907763,1.309657,103.909287,1.306959,103.906589,OPERATIONAL,ESSO EAST COAST,ChIJ7SNwugwY2jERe9CtNplAblw,8W55+74 Singapore,6PH58W55+74,"239 &, 255 East Coast Road"
212,1.316319,103.900159,1.317849,103.901533,1.315151,103.898835,OPERATIONAL,Caltex Changi,ChIJRUzOfBAY2jERWDSlL1y2soQ,8W82+G3 Singapore,6PH58W82+G3,78 Changi Road
213,1.325418,103.890825,1.326823,103.892125,1.324125,103.889427,OPERATIONAL,Caltex Paya Lebar,ChIJO0KIGyAY2jER7w_D3CD2kUE,8VGR+58 Singapore,6PH58VGR+58,128 Paya Lebar Road
214,1.314231,103.889084,1.315617,103.890426,1.312919,103.887728,OPERATIONAL,ESSO GEYLANG LOR. 38,ChIJZSTxwCQZ2jER4RJ80IzfW4A,8V7Q+MJ Singapore,6PH58V7Q+MJ,638 Geylang Road
215,1.31679,103.880823,1.318383,103.882181,1.315685,103.879483,OPERATIONAL,TriSonic Engine Lubricant ( Singapore HQ ),ChIJxw53sbIZ2jERQgALPEfxe0Q,8V8J+P8 Singapore,6PH58V8J+P8,"1 Sims Lane, 03-07"
216,1.311325,103.894513,1.312671,103.895795,1.309973,103.893097,OPERATIONAL,Esso Tanjong Katong B,ChIJUyYaEAcZ2jERVJsGRCUcmZ4,8V6V+GR Singapore,6PH58V6V+GR,189 Tanjong Katong Road
217,1.324317,103.880783,1.325646,103.882253,1.322948,103.879555,OPERATIONAL,ESSO ALJUNIED B,ChIJZfA2yScY2jERtDK_UiHn-0w,8VFJ+P8 Singapore,6PH58VFJ+P8,611 Aljunied Road
218,1.310673,103.883981,1.312087,103.885316,1.309389,103.882618,OPERATIONAL,Carwash,ChIJi8ARv2EZ2jERnR7l1--K6Vw,8V6M+7H Singapore,6PH58V6M+7H,132 Guillemard Road
219,1.310566,103.883808,1.312015,103.885147,1.309317,103.882449,OPERATIONAL,Shell,ChIJb2KWFzkY2jERjX27-Ga6Nyk,8V6M+6G Singapore,6PH58V6M+6G,132 Guillemard Road
220,1.31055,103.883724,1.311996,103.885052,1.309298,103.882354,OPERATIONAL,Fact Management Services,ChIJb2KWFzkY2jERbBVSMVhFsMs,8V6M+6F Singapore,6PH58V6M+6F,132 Guillemard Road
221,1.323197,103.876608,1.324169,103.878109,1.321472,103.875411,OPERATIONAL,KiC Oil,ChIJtbzqHSkY2jER6u0J7rn8LJ0,8VFG+7J Singapore,6PH58VFG+7J,158 Kallang Way
222,1.302116,103.884315,1.303471,103.885712,1.300774,103.883014,OPERATIONAL,SPC Mountbatten,ChIJ7TkzEUQY2jEREpEWyjZWuaI,8V2M+RP Singapore,6PH58V2M+RP,710 Mountbatten Road
223,1.302112,103.884319,1.303469,103.885714,1.300772,103.883016,OPERATIONAL,SINGAPORE PETROLEUM COMPANY LIMITED,ChIJ7WYzEUQY2jERrkS1w2CVV_A,8V2M+RP Singapore,6PH58V2M+RP,710 Mountbatten Road
224,1.31857,103.908782,1.319828,103.910288,1.31713,103.90759,OPERATIONAL,SINGAPORE PETROLEUM COMPANY LIMITED,ChIJ86OIdwYY2jERNgM56YAcaqc,8W95+CG Singapore,6PH58W95+CG,"337 Changi Road, Singapore"
225,1.31859,103.908785,1.319837,103.910288,1.317139,103.90759,OPERATIONAL,SPC Changi,ChIJxeMleAYY2jERYSa9CQ8twbE,8W95+CG Singapore,6PH58W95+CG,337 Changi Road
226,1.328689,103.871876,1.330013,103.873239,1.327315,103.870541,OPERATIONAL,Esso,ChIJfX6YBP0X2jERp3U7put0ags,8VHC+FQ Singapore,6PH58VHC+FQ,"110 & 114, MacPherson Road"
227,1.318672,103.91296,1.320039,103.914385,1.317341,103.911687,OPERATIONAL,Komoco Kembangan Service Centre,ChIJOwWOguEZ2jERBBj3KIzciJE,8W97+F5 Singapore,6PH58W97+F5,"460 Changi Road, Singapore"
228,1.319154,103.913494,1.32056,103.91482,1.317862,103.912122,OPERATIONAL,Ronaldo's Services & Trading,ChIJLYwbogcY2jERBwkmrqnwCl0,8W97+M9 Singapore,6PH58W97+M9,"No. 460 Changi Road, 419883"
229,1.314489,103.934274,1.315758,103.935642,1.31306,103.932944,OPERATIONAL,Esso Upper East Coast,ChIJiUy-ALki2jERo6e_yBFS2bk,8W7M+QP Singapore,6PH58W7M+QP,251 Upper East Coast Road
230,1.312499,103.926555,1.313941,103.927915,1.311243,103.925217,OPERATIONAL,Shell,ChIJKXwdULsi2jER6-XOOnyrHd8,8W6G+XJ Singapore,6PH58W6G+XJ,40 Upper East Coast Road
231,1.314229,103.931113,1.315505,103.932476,1.312807,103.929779,OPERATIONAL,SPC Upper East Coast,ChIJ_0OF0rsi2jERTGh1boAs2Zc,8W7J+MC Singapore,6PH58W7J+MC,157 Upper East Coast Road
232,1.309043,103.910814,1.31021,103.912206,1.307512,103.909508,OPERATIONAL,Caltex East Coast,ChIJqY-EGgsY2jERDqGSJpobzZQ,8W56+J8 Singapore,6PH58W56+J8,355 East Coast Road
233,1.315504,103.91906,1.316807,103.920292,1.314109,103.917594,OPERATIONAL,Caltex Frankel Avenue,ChIJg5Bla6Yi2jERw5Fw520c5CQ,8W89+6J Singapore,6PH58W89+6J,71 Frankel Avenue
234,1.311035,103.920268,1.312485,103.921574,1.309787,103.918876,OPERATIONAL,Esso Frankel,ChIJZ3ZGtDwj2jERUdAD83GV1so,8W6C+C4 Singapore,6PH58W6C+C4,590 East Coast Road
235,1.308134,103.761167,1.30951,103.762552,1.306812,103.759854,OPERATIONAL,ESSO WEST COAST,ChIJJSdj15Ia2jERU9MQ1YwprHE,8Q56+7F Singapore,6PH58Q56+7F,181 West Coast Road
236,1.309665,103.755015,1.310976,103.756275,1.308278,103.753577,OPERATIONAL,ESSO JALAN BUROH,ChIJOwr2A0wF2jERJnjlCPqQMko,8Q54+V2 Singapore,6PH58Q54+V2,253 Jalan Buroh
237,1.314629,103.768587,1.316008,103.770072,1.31331,103.767374,OPERATIONAL,Caltex Clementi,ChIJ0aZ8xY4a2jERZG3ZYy8Xwlg,8Q79+VC Singapore,6PH58Q79+VC,126 Clementi Avenue 2
238,1.29941,103.750154,1.300874,103.751786,1.298176,103.749088,OPERATIONAL,Bitumen Complete Solutions Pte. Ltd.,ChIJfX_izsIa2jERhRotmEplTWk,7QX2+Q3 Singapore,6PH57QX2+Q3,42 Pandan Road
239,1.316682,103.726402,1.318064,103.727765,1.315366,103.725067,OPERATIONAL,Minyak Murah,ChIJr2E7u4EF2jERRW66Wfqn9-w,8P8G+MH Singapore,6PH58P8G+MH,14 Jalan Besut
240,1.30482,103.741963,1.306222,103.743372,1.303525,103.740674,OPERATIONAL,Caltex Jalan Buroh,ChIJF59PMcQa2jERDS3ASpHSiy0,8P3R+WQ Singapore,6PH58P3R+WQ,210 Jalan Buroh
241,1.302706,103.732394,1.304087,103.733749,1.301389,103.731051,OPERATIONAL,CNC Petroleum Costal Bunkering Station,ChIJ3b7rtpIb2jER7FG0WhfvAHI,8P3J+3X Singapore,6PH58P3J+3X,52 Penjuru Road
242,1.315714,103.720274,1.317111,103.721391,1.314413,103.718693,OPERATIONAL,Wen Shing Petroleum Trading,ChIJKYL9TU4F2jERb7HswrPbvlM,8P8C+74 Singapore,6PH58P8C+74,"27A Jurong Port Road, Singapore"
243,1.301463,103.732009,1.302933,103.733388,1.300235,103.73069,OPERATIONAL,CNC Petroleum,ChIJR6h7qc0a2jERqJVnINqvUXA,8P2J+HR Singapore,6PH58P2J+HR,"52 Penjuru Road, Singapore"
244,1.309768,103.721885,1.311103,103.723196,1.308406,103.720498,OPERATIONAL,Jurong Oceanic Trading Company,ChIJoYzklEkF2jERE-ajikZ-dgE,8P5C+WQ Singapore,6PH58P5C+WQ,5 Jalan Tepong
245,1.314745,103.714772,1.315968,103.716132,1.31327,103.713434,OPERATIONAL,SPC Jalan Buroh,ChIJmXMKsUUF2jEReuXH93AYQng,8P77+VW Singapore,6PH58P77+VW,33 Jalan Buroh
246,1.312692,103.713943,1.314041,103.715313,1.311343,103.712616,OPERATIONAL,Hiap Poh Hua Trading Co,ChIJna11ekYF2jER33h_TE6an9M,8P77+3H Singapore,6PH58P77+3H,42 Jalan Buroh
247,1.311423,103.709384,1.312765,103.711012,1.310067,103.708314,OPERATIONAL,Eneos Italsing Pte Ltd,ChIJNyczGkEF2jERTNvJXWRHwJ4,8P65+HQ Singapore,6PH58P65+HQ,"9B Jurong Pier Road, Singapore"
248,1.313223,103.687559,1.314691,103.68884,1.311993,103.686142,OPERATIONAL,ESSO PIONEER,ChIJqUPAHHQF2jERxUjY_wfuXeY,8M7Q+72 Singapore,6PH58M7Q+72,19 Pioneer Road
249,1.28856,103.838213,1.290007,103.839709,1.287309,103.837011,OPERATIONAL,SPC Havelock,ChIJSUViEHYZ2jERiEro2QYp07A,7RQQ+C7 Singapore,6PH57RQQ+C7,397 Havelock Road
250,1.297636,103.838181,1.298952,103.839571,1.296254,103.836873,OPERATIONAL,SPC Killiney,ChIJ-bfIEJoZ2jERw3IrobDHMEM,7RXQ+37 Singapore,6PH57RXQ+37,132 Killiney Road
251,1.290013,103.832446,1.291472,103.833871,1.288774,103.831173,OPERATIONAL,Shell,ChIJob-GuoIZ2jERTu84Vbn8-Vc,7RRJ+2X Singapore,6PH57RRJ+2X,548 Havelock Road
252,1.286788,103.834564,1.288014,103.835971,1.285316,103.833273,OPERATIONAL,Shell,ChIJBcAidXcZ2jER2tqtxWi6n80,7RPM+PR Singapore,6PH57RPM+PR,305 Outram Road
253,1.290006,103.832466,1.291398,103.833794,1.2887,103.831096,OPERATIONAL,Alpha Plus Management Services,ChIJt0AEuoIZ2jEREoWmW7oFz0Y,7RRJ+2X Singapore,6PH57RRJ+2X,548 Havelock Road
254,1.286819,103.834504,1.288122,103.836013,1.285424,103.833315,OPERATIONAL,Eslee Enterprise,ChIJI3XUn3cZ2jEReGYukeILr9I,7RPM+PR Singapore,6PH57RPM+PR,305 Outram Road
255,1.288528,103.838103,1.289898,103.839461,1.2872,103.836763,OPERATIONAL,SINGAPORE PETROLEUM COMPANY LIMITED,ChIJQVmAEHYZ2jERgF1-S71bViM,7RQQ+C6 Singapore,6PH57RQQ+C6,
256,1.295582,103.858808,1.296806,103.860166,1.294108,103.857468,OPERATIONAL,Sbc Petrochemical Pte Ltd,ChIJE9n1qK8Z2jERUnwMxFTUUZ8,7VW5+6G Singapore,6PH57VW5+6G,8 Temasek Boulevard
257,1.295714,103.858724,1.296868,103.860142,1.29417,103.857444,OPERATIONAL,Phibro (asia) Pte Ltd,ChIJE9n1qK8Z2jERfdrNc2sXLOM,7VW5+7F Singapore,6PH57VW5+7F,"9 Temasek Boulevard, Singapore"
258,1.295714,103.858724,1.296868,103.860142,1.29417,103.857444,OPERATIONAL,Petrofarm Singapore Pte. Ltd.,ChIJE9n1qK8Z2jER4C2tvvmnnDU,7VW5+7F Singapore,6PH57VW5+7F,"9 Temasek Boulevard, Singapore"
259,1.300164,103.857722,1.301716,103.858846,1.299018,103.856148,OPERATIONAL,Dynamic Oil Trading (Singapore) Pte Ltd,ChIJucjD4T8Q2jER3TmQ7m7ow78,8V25+33 Singapore,6PH58V25+33,"600 North Bridge Road, #11-09/10 Parkview Square"
260,1.292793,103.86034,1.294722,103.861461,1.292024,103.858763,OPERATIONAL,ConocoPhillips International Inc,ChIJhx9G36gZ2jERZZeWL5bmmvk,7VV6+44 Singapore,6PH57VV6+44,"1 Temasek Avenue, Singapore"
261,1.29208,103.86082,1.293429,103.862169,1.290731,103.859471,OPERATIONAL,ONEX DMCC,ChIJJ0OK6qkZ2jERLkMbcv5uYnQ,NA,NA,Temasek Avenue
262,1.292612,103.86031,1.294632,103.861446,1.291934,103.858748,OPERATIONAL,Helios Terminal Corporation Pte Ltd,ChIJOb7HPakZ2jERac0AoDYXzaw,7VV6+24 Singapore,6PH57VV6+24,1 Temasek Avenue
263,1.292612,103.86031,1.294632,103.861446,1.291934,103.858748,OPERATIONAL,Phillips 66 International Trading Pte ltd,ChIJOb7HPakZ2jER5YOLzKSjDvU,7VV6+24 Singapore,6PH57VV6+24,1 Temasek Avenue
264,1.294385,103.858846,1.295737,103.860196,1.293039,103.857498,OPERATIONAL,EURO ACCESS,ChIJf0wC464Z2jERkpoYISJ1XuQ,NA,NA,Temasek Boulevard
265,1.295345,103.859671,1.29674,103.860902,1.294042,103.858204,OPERATIONAL,Sea Oil Petroleum Pte Ltd,ChIJi06sAq8Z2jERu6CL6FZfxio,7VW5+4V Singapore,6PH57VW5+4V,08-02 Temasek Boulevard
266,1.295419,103.858478,1.296715,103.859933,1.294017,103.857235,OPERATIONAL,Atman Pte. Ltd.,ChIJE9n1qK8Z2jERot1SDF4L2Rs,7VW5+59 Singapore,6PH57VW5+59,7 Temasek Boulevard
267,1.299159,103.858932,1.300508,103.860281,1.29781,103.857584,OPERATIONAL,OMV,ChIJ851yvrEZ2jERiGkHA-5CU3k,NA,NA,Beach Road
268,1.284484,103.851345,1.286064,103.852725,1.283367,103.850027,OPERATIONAL,Consolidated Petroleum,ChIJQx5Oxw4Z2jER30Y4DSlbu0o,NA,NA,Raffles Place
269,1.264325,103.820306,1.265701,103.821368,1.263003,103.81867,OPERATIONAL,Marine Oil,ChIJ9TyQaeIb2jERw9KkUsrY-fA,7R7C+P4 Singapore,6PH57R7C+P4,1 Maritime Square